{
  "tl": [42.301306, -83.699171],
  "bl": [42.300537, -83.699174],
  "tr": [42.301307, -83.698147],
  "br": [42.300538, -83.698146]
}